time,iou,precision,recall
9563.660862,0.8035714285714286,0.8035714285714286,1.0
6610.434524,0.783625730994152,0.783625730994152,1.0
19325.805407,1.0,1.0,1.0
6017.591104,0.9642857142857143,0.9642857142857143,1.0
64667.494925,0.75,1.0,0.75
16888.536895,0.41702127659574467,0.4224137931034483,0.9702970297029703
26529.012697,0.881578947368421,0.9305555555555556,0.9436619718309859
38468.608178,0.43683083511777304,0.4722222222222222,0.8535564853556485
21091.012296,0.7142857142857143,0.8333333333333334,0.8333333333333334
61471.305369,0.9574468085106383,1.0,0.9574468085106383
60078.49254,0.5245901639344263,1.0,0.5245901639344263
37021.203144,0.7804878048780488,0.8205128205128205,0.9411764705882353
34831.093811,0.7777777777777778,0.8333333333333334,0.9210526315789473
6623.340892,0.8203125,0.8203125,1.0
6330.179692,0.7666666666666667,0.7666666666666667,1.0
94933.56738,0.8571428571428571,0.8571428571428571,1.0
77192.522047,0.75,1.0,0.75
21801.661105,0.41702127659574467,0.4224137931034483,0.9702970297029703
30428.679236,0.881578947368421,0.9305555555555556,0.9436619718309859
42310.605214,0.43683083511777304,0.4722222222222222,0.8535564853556485
22043.077269,0.7142857142857143,0.8333333333333334,0.8333333333333334
58479.896396,0.9574468085106383,1.0,0.9574468085106383
55370.104405,0.5245901639344263,1.0,0.5245901639344263
36384.728628,0.7804878048780488,0.8205128205128205,0.9411764705882353
35545.211707,0.7777777777777778,0.8333333333333334,0.9210526315789473
6754.011837,0.8203125,0.8203125,1.0
6637.045684,0.7666666666666667,0.7666666666666667,1.0
97028.936829,0.8571428571428571,0.8571428571428571,1.0
17979.155004,0.42857142857142855,1.0,0.42857142857142855
27344.720108,0.8666666666666667,1.0,0.8666666666666667
26800.561275,0.4482758620689655,0.9285714285714286,0.4642857142857143
22433.172836,0.0,nan,0.0
26032.325789,1.0,1.0,1.0
29247.469225,0.8367346938775511,0.9111111111111111,0.9111111111111111
25988.997592,0.8157894736842105,0.9393939393939394,0.8611111111111112
21289.899798,0.8181818181818182,1.0,0.8181818181818182
21640.583799,0.0,nan,0.0
34768.028652,0.6165413533834586,1.0,0.6165413533834586
6979.578421,0.95625,0.95625,1.0
44880.013623,0.5,0.5294117647058824,0.9
41242.945794,0.5480769230769231,0.5588235294117647,0.9661016949152542
20482.243949,0.47058823529411764,1.0,0.47058823529411764
7445.820587,0.9333333333333333,0.9333333333333333,1.0
7757.843637,0.9606060606060606,0.9606060606060606,1.0
48499.243448,0.7808988764044944,0.86875,0.8853503184713376
6827.997361,0.796875,0.796875,1.0
76645.476778,1.0,1.0,1.0
26507.821331,0.9375,1.0,0.9375
50414.241404,0.7777777777777778,0.8105263157894737,0.9506172839506173
70628.503917,0.23062015503875968,0.23517786561264822,0.9224806201550387
58311.103453,0.578125,0.5873015873015873,0.9736842105263158
14047.915543,0.863013698630137,0.9,0.9545454545454546
9573.637353,0.47058823529411764,1.0,0.47058823529411764
13024.673489,0.9216666666666666,0.9216666666666666,1.0
7698.145055,0.896551724137931,0.896551724137931,1.0
136588.379549,0.41093247588424436,0.41493506493506493,0.9770642201834863
47618.546594,0.44642857142857145,0.45454545454545453,0.9615384615384616
33114.52607,0.19718309859154928,0.9655172413793104,0.19858156028368795
7393.341476,0.9404761904761905,0.9404761904761905,1.0
7218.311031,1.0,1.0,1.0
42808.896619,0.47619047619047616,0.7692307692307693,0.5555555555555556
36389.608193,0.0,nan,0.0
14938.605758,0.7380952380952381,0.8857142857142857,0.8157894736842105
24111.948762,0.8333333333333334,0.9259259259259259,0.8928571428571429
10864.602711,0.886039886039886,0.886039886039886,1.0
76268.343746,1.0,1.0,1.0
7294.330819,0.9148148148148149,0.9148148148148149,1.0
7003.269039,0.7846153846153846,0.7846153846153846,1.0
6275.902935,0.8639455782312925,0.8639455782312925,1.0
20946.197759,0.7558139534883721,0.9027777777777778,0.8227848101265823
5841.9261,0.95,0.95,1.0
12325.392803,0.7037037037037037,0.9047619047619048,0.76
18189.555283,0.5,0.5714285714285714,0.8
6112.167379,0.8187134502923976,0.8187134502923976,1.0
25963.121746,0.9180327868852459,1.0,0.9180327868852459
97393.517318,0.8902439024390244,0.9125,0.9733333333333334
7424.545512,0.8833333333333333,0.8833333333333333,1.0
19294.822645,0.6551724137931034,0.7916666666666666,0.7916666666666666
55375.011187,0.4289245982694685,0.4746922024623803,0.8164705882352942
12350.166008,0.7619047619047619,1.0,0.7619047619047619
42015.101688,0.4166666666666667,1.0,0.4166666666666667
23818.34481,0.5,1.0,0.5
9678.092443,0.8103448275862069,0.8103448275862069,1.0
8787.941115,0.7775974025974026,0.7775974025974026,1.0
16124.611267,0.6666666666666666,0.8888888888888888,0.7272727272727273
26313.071124,0.6904761904761905,0.9666666666666667,0.7073170731707317
28227.789147,1.0,1.0,1.0
7849.262563,0.873015873015873,0.873015873015873,1.0
30520.599569,0.8333333333333334,0.8823529411764706,0.9375
30090.57679,0.5918367346938775,0.9666666666666667,0.6041666666666666
10151.569606,0.9193548387096774,0.9193548387096774,1.0
9183.382716,0.9,0.9,1.0
11904.176595,0.8397435897435898,0.8397435897435898,1.0
9760.750341,0.8815426997245179,0.8815426997245179,1.0
19830.378068,0.825,0.9166666666666666,0.8918918918918919
29543.236397,0.5,0.625,0.7142857142857143
28206.060364,0.9473684210526315,1.0,0.9473684210526315
27041.18969,0.43478260869565216,0.9090909090909091,0.45454545454545453
27472.649314,0.5663716814159292,0.5925925925925926,0.927536231884058
28581.774555,0.4935064935064935,0.95,0.5066666666666667
30715.976432,0.5205479452054794,1.0,0.5205479452054794
17694.532191,0.7142857142857143,0.8333333333333334,0.8333333333333334
13134.673744,0.85,0.85,1.0
9415.146824,0.0,nan,0.0
12325.134493,0.36,0.9,0.375
166224.159442,0.2190031917505524,0.22024691358024692,0.9748633879781421
34302.214227,0.34444444444444444,0.6262626262626263,0.43356643356643354
39764.833566,0.6758747697974218,0.7489795918367347,0.8738095238095238
86938.022822,0.45018450184501846,0.5083333333333333,0.7973856209150327
253444.756429,0.20363890832750176,0.20378151260504201,0.9965753424657534
41718.604519,0.5491071428571429,0.5590909090909091,0.968503937007874
17668.349199,0.7894736842105263,0.9375,0.8333333333333334
17885.89094,0.8571428571428571,0.9375,0.9090909090909091
48437.025925,0.0,nan,0.0
47601.61934,0.8166189111747851,0.8189655172413793,0.9965034965034965
7536.214921,0.3333333333333333,0.8,0.36363636363636365
28742.707314,0.4852941176470588,0.9705882352941176,0.4925373134328358
9065.216853,0.9144736842105263,0.9144736842105263,1.0
67354.063104,0.5,1.0,0.5
78020.870528,0.5625,0.6,0.9
27326.203198,0.49295774647887325,0.9722222222222222,0.5
60528.669808,0.627906976744186,0.9473684210526315,0.6506024096385542
86394.343574,0.9058823529411765,0.9058823529411765,1.0
26366.924741,0.7625,0.8133333333333334,0.9242424242424242
7079.145877,0.9323308270676691,0.9323308270676691,1.0
104684.275737,0.0,nan,0.0
41083.71042,0.4444444444444444,0.9411764705882353,0.45714285714285713
7612.414801,0.7878787878787878,0.7878787878787878,1.0
26860.941848,0.68,0.7589285714285714,0.8673469387755102
24387.403429,0.5023923444976076,0.5072463768115942,0.9813084112149533
20895.633942,0.5652173913043478,0.9285714285714286,0.5909090909090909
60592.645205,0.3632075471698113,0.3888888888888889,0.8461538461538461
69205.560047,0.7054455445544554,0.7125,0.986159169550173
73726.027283,0.656599552572707,0.6632768361581921,0.9848993288590604
10442.342829,0.5555555555555556,0.625,0.8333333333333334
7079.628091,0.8783068783068783,0.8783068783068783,1.0
11102.780374,0.8,0.8,1.0
27940.832952,0.0,nan,0.0
27612.913253,0.9047619047619048,1.0,0.9047619047619048
29178.237546,0.0,nan,0.0
84327.86311,0.6585365853658537,0.9818181818181818,0.6666666666666666
7052.148592,0.8843537414965986,0.8843537414965986,1.0
7070.022719,0.8362573099415205,0.8362573099415205,1.0
8628.864468,0.915625,0.915625,1.0
40366.394487,0.8376811594202899,0.9174603174603174,0.9059561128526645
25265.462709,0.8653846153846154,0.9375,0.9183673469387755
25063.941761,0.3333333333333333,1.0,0.3333333333333333
25676.746226,0.875,1.0,0.875
31500.442084,0.7910447761194029,0.8833333333333333,0.8833333333333333
31133.78881,0.8208955223880597,0.9166666666666666,0.8870967741935484
95947.128885,0.4894894894894895,0.49544072948328266,0.9760479041916168
9568.059759,0.7633928571428571,0.7633928571428571,1.0
84715.347347,0.2593726090283091,0.29478260869565215,0.6834677419354839
7112.254722,0.848,0.848,1.0
8321.966031,0.9121951219512195,0.9121951219512195,1.0
9259.904375,0.8231132075471698,0.8231132075471698,1.0
18226.542931,0.6428571428571429,0.75,0.8181818181818182
33475.758945,0.0,nan,0.0
8187.667549,0.9343434343434344,0.9343434343434344,1.0
31352.899938,0.46938775510204084,0.4791666666666667,0.9583333333333334
31802.457011,0.0,nan,0.0
9420.523761,0.7222222222222222,0.7647058823529411,0.9285714285714286
60689.12571,0.25984251968503935,0.264,0.9428571428571428
41245.544286,0.43186003683241253,0.4441287878787879,0.9398797595190381
53801.264136,0.6741071428571429,0.8628571428571429,0.755
25950.949034,0.85,0.9,0.9386503067484663
104877.683882,0.3193675889328063,0.32371794871794873,0.9596199524940617
63730.763097,0.676056338028169,1.0,0.676056338028169
30324.618644,0.9375,1.0,0.9375
8761.382744,0.868421052631579,0.868421052631579,1.0
32292.81303,0.8260869565217391,0.8444444444444444,0.9743589743589743
24181.328471,0.75,1.0,0.75
63301.362895,0.5591397849462365,0.5826330532212886,0.9327354260089686
9137.990042,0.9592592592592593,0.9592592592592593,1.0
152378.551826,0.6596899224806202,0.6818910256410257,0.9529675251959686
189657.015313,0.5539940828402367,0.5761538461538461,0.9350811485642946
75237.32168,0.6758494031221304,0.6789667896678967,0.9932523616734144
7576.02018,0.8380952380952381,0.8380952380952381,1.0
30879.710643,0.6756756756756757,0.7142857142857143,0.9259259259259259
67095.840916,0.5377643504531722,0.5493827160493827,0.9621621621621622
28252.943899,0.4939759036144578,0.9761904761904762,0.5
29213.061442,0.21428571428571427,0.9545454545454546,0.21649484536082475
20243.75311,0.35714285714285715,1.0,0.35714285714285715
52191.09055,0.5662100456621004,0.5961538461538461,0.9185185185185185
7654.937344,0.8703703703703703,0.8703703703703703,1.0
10027.262605,0.8626262626262626,0.8626262626262626,1.0
109974.58121,0.16848291906452798,0.1693121693121693,0.9717514124293786
26810.003583,0.9042553191489362,1.0,0.9042553191489362
25746.099613,0.375,1.0,0.375
27088.725842,0.3220338983050847,1.0,0.3220338983050847
26586.087356,0.3333333333333333,1.0,0.3333333333333333
27910.390567,0.3103448275862069,0.9,0.32142857142857145
50643.507723,0.3633841886269071,0.36643356643356645,0.9776119402985075
54004.432814,0.5142857142857142,0.81,0.5848375451263538
34312.66653,0.6987577639751553,0.703125,0.9911894273127754
33529.242219,0.20945945945945946,0.96875,0.2108843537414966
7630.048193,0.875,0.875,1.0
51549.883013,0.23795620437956205,0.2425595238095238,0.9261363636363636
65599.016526,0.3159509202453988,0.3366013071895425,0.8373983739837398
21230.59114,0.8285714285714286,0.90625,0.90625
59278.504445,0.8260869565217391,0.95,0.8636363636363636
17102.081708,0.5625,0.675,0.7714285714285715
19769.413468,0.631578947368421,0.8,0.75
22538.86716,0.5,1.0,0.5
25527.618507,0.75,0.796875,0.9272727272727272
45573.891558,0.46551724137931033,0.9,0.4909090909090909
24902.173904,0.609375,1.0,0.609375
52121.712437,0.7777777777777778,0.8076923076923077,0.9545454545454546
64776.531969,0.5675675675675675,1.0,0.5675675675675675
10082.115828,0.4642857142857143,1.0,0.4642857142857143
14809.334056,0.3225806451612903,0.3333333333333333,0.9090909090909091
7826.478969,1.0,1.0,1.0
38321.585936,0.6625659050966608,0.7450592885375494,0.8568181818181818
19906.207707,0.4666666666666667,0.7,0.5833333333333334
39355.905757,0.4957446808510638,0.5021551724137931,0.9748953974895398
240100.140152,0.651395848246242,0.6862745098039216,0.9276248725790011
8803.339169,0.8171296296296297,0.8171296296296297,1.0
32447.645485,0.6336633663366337,0.6464646464646465,0.9696969696969697
64418.114569,0.6666666666666666,1.0,0.6666666666666666
22554.947799,0.8461538461538461,1.0,0.8461538461538461
21149.46518,0.3333333333333333,1.0,0.3333333333333333
22407.627798,0.8918918918918919,1.0,0.8918918918918919
8855.091099,0.7906976744186046,0.8717948717948718,0.8947368421052632
11505.900994,0.6115702479338843,0.6379310344827587,0.9367088607594937
14368.379678,0.8857142857142857,0.8857142857142857,1.0
25696.31824,0.4627659574468085,0.5087719298245614,0.8365384615384616
53181.92966,0.37037037037037035,0.5,0.5882352941176471
26083.92327,0.8260869565217391,0.8941176470588236,0.9156626506024096
27816.612331,0.875968992248062,0.8968253968253969,0.9741379310344828
16874.964077,0.5882352941176471,1.0,0.5882352941176471
36528.406614,0.56,0.631578947368421,0.8316831683168316
8019.86541,0.8642857142857143,0.8642857142857143,1.0
24130.762537,0.6875,0.9166666666666666,0.7333333333333333
38247.113517,0.4936440677966102,0.8961538461538462,0.5235955056179775
19245.63542,0.0,nan,0.0
29266.700516,0.4665012406947891,0.47,0.9842931937172775
14313.407059,0.5238095238095238,0.5365853658536586,0.9565217391304348
25861.917023,0.48623853211009177,0.5047619047619047,0.9298245614035088
21373.719204,1.0,1.0,1.0
85640.261819,1.0,1.0,1.0
23768.028562,0.868421052631579,1.0,0.868421052631579
21944.075568,0.8333333333333334,1.0,0.8333333333333334
25701.967124,0.3157894736842105,0.8571428571428571,0.3333333333333333
72897.594273,0.4406779661016949,0.4482758620689655,0.9629629629629629
51307.472163,1.0,1.0,1.0
25151.328984,0.9014084507042254,1.0,0.9014084507042254
82217.096696,0.25844806007509386,0.25844806007509386,1.0
15050.890629,0.0,nan,0.0
6078.604319,0.8421052631578947,0.8421052631578947,1.0
22985.223853,0.7254901960784313,0.8409090909090909,0.8409090909090909
70215.137373,0.4939759036144578,1.0,0.4939759036144578
74415.19227,0.449438202247191,1.0,0.449438202247191
16575.118119,0.7692307692307693,0.7971014492753623,0.9565217391304348
9648.840668,0.8651960784313726,0.8651960784313726,1.0
8694.491873,0.9160714285714285,0.9160714285714285,1.0
6740.967776,0.8990384615384616,0.8990384615384616,1.0
30092.374181,0.6423357664233577,0.6666666666666666,0.946236559139785
28777.625202,0.21904761904761905,1.0,0.21904761904761905
27444.508955,0.8365384615384616,0.8365384615384616,1.0
20308.290806,0.5555555555555556,0.75,0.6818181818181818
24906.613276,0.648936170212766,0.953125,0.6703296703296703
8479.517789,0.9402597402597402,0.9402597402597402,1.0
48856.146177,0.6470588235294118,0.75,0.825
25610.476745,0.3770491803278688,1.0,0.3770491803278688
23763.782181,0.6,0.9375,0.625
49863.225632,0.6981132075471698,0.7708333333333334,0.8809523809523809
30304.345292,0.5789473684210527,0.6,0.9428571428571428
37681.791017,0.5857740585774058,0.6862745098039216,0.8
71209.902958,1.0,1.0,1.0
21887.159227,0.8194444444444444,0.9833333333333333,0.8309859154929577
24969.43859,0.8785046728971962,0.8952380952380953,0.9791666666666666
32276.284539,0.6045016077170418,0.618421052631579,0.9641025641025641
7630.62581,0.8333333333333334,1.0,0.8333333333333334
21716.350922,0.6666666666666666,0.7222222222222222,0.896551724137931
26229.060923,0.7152317880794702,0.75,0.9391304347826087
22703.496421,0.8979591836734694,1.0,0.8979591836734694
23621.058716,0.78,0.8125,0.9512195121951219
7992.415547,0.875,1.0,0.875
20814.565252,0.8518518518518519,0.9857142857142858,0.8625
22435.986222,0.6666666666666666,1.0,0.6666666666666666
5327.479793,1.0,1.0,1.0
73375.100081,0.24778404512489927,0.24778404512489927,1.0
61580.400854,0.5,1.0,0.5
44512.085165,1.0,1.0,1.0
55205.021904,0.5321100917431193,0.5523809523809524,0.9354838709677419
34208.567883,0.7528735632183908,0.8851351351351351,0.8343949044585988
8370.405762,0.0,nan,0.0
7773.945853,0.0,nan,0.0
15860.550234,0.325,0.9285714285714286,0.3333333333333333
29500.198998,0.8019323671497585,0.9021739130434783,0.8783068783068783
15999.508824,0.42857142857142855,1.0,0.42857142857142855
32305.444012,0.0,nan,0.0
11009.857383,0.8082039911308204,0.8082039911308204,1.0
4904.564968,0.8416666666666667,0.8416666666666667,1.0
15379.312078,0.5945945945945946,0.7333333333333333,0.7586206896551724
6517.109682,0.9423076923076923,0.9423076923076923,1.0
27473.415848,0.6904761904761905,0.9206349206349206,0.7341772151898734
78458.255191,0.4691358024691358,0.95,0.4810126582278481
41374.866482,0.4745417515274949,0.4794238683127572,0.9789915966386554
7261.226171,0.9074074074074074,0.9074074074074074,1.0
43901.112286,0.17894736842105263,0.6296296296296297,0.2
16628.407949,0.8114478114478114,0.8114478114478114,1.0
11056.160389,0.8598290598290599,0.8598290598290599,1.0
39130.449159,0.4152542372881356,0.4375,0.8909090909090909
8078.220976,0.8428571428571429,0.8428571428571429,1.0
32791.077416,0.6533333333333333,0.875,0.7205882352941176
7793.215677,0.91005291005291,0.91005291005291,1.0
7755.320846,0.8571428571428571,0.8571428571428571,1.0
11756.910507,0.8649789029535865,0.8649789029535865,1.0
8336.483706,0.7692307692307693,1.0,0.7692307692307693
28098.590278,0.6774193548387096,0.8275862068965517,0.7887323943661971
21192.302945,0.7901234567901234,0.8888888888888888,0.8767123287671232
24263.041955,0.6891891891891891,0.85,0.7846153846153846
5383.42421,0.9017857142857143,0.9017857142857143,1.0
8201.212443,1.0,1.0,1.0
16502.346873,0.4583333333333333,1.0,0.4583333333333333
34484.338269,0.38461538461538464,0.5555555555555556,0.5555555555555556
56293.919084,0.5769230769230769,1.0,0.5769230769230769
41269.719181,0.3615819209039548,0.38095238095238093,0.8767123287671232
29613.266016,0.07575757575757576,0.10416666666666667,0.21739130434782608
42553.510424,0.43902439024390244,0.45,0.9473684210526315
34432.078819,0.24786324786324787,1.0,0.24786324786324787
23168.049358,0.875,1.0,0.875
32895.686281,0.5828571428571429,0.6,0.9532710280373832
7443.953136,0.8928571428571429,0.8928571428571429,1.0
26208.576837,0.8307692307692308,0.9642857142857143,0.8571428571428571
8077.885178,0.8803418803418803,0.8803418803418803,1.0
159151.157344,0.20717721050684423,0.21021021021021022,0.9348914858096828
17056.034104,0.5625,0.75,0.6923076923076923
26801.331496,0.819672131147541,0.8403361344537815,0.970873786407767
6858.087361,0.8979591836734694,0.8979591836734694,1.0
39880.866018,0.5892857142857143,0.5978260869565217,0.9763313609467456
38592.424229,0.5520833333333334,0.75177304964539,0.6751592356687898
27235.108838,0.20454545454545456,1.0,0.20454545454545456
26864.712783,0.6839080459770115,0.7083333333333334,0.952
10400.877681,0.9878934624697336,0.9878934624697336,1.0
77032.890466,0.4396551724137931,0.9807692307692307,0.4434782608695652
7403.16894,0.9,0.9,1.0
18651.648506,0.717948717948718,0.9333333333333333,0.7567567567567568
47612.114806,0.15217391304347827,1.0,0.15217391304347827
75071.985212,0.9139784946236559,1.0,0.9139784946236559
27597.738496,0.45098039215686275,1.0,0.45098039215686275
25615.756369,0.8947368421052632,1.0,0.8947368421052632
24337.294421,0.7551020408163265,0.8222222222222222,0.9024390243902439
28545.432811,0.8411214953271028,0.8571428571428571,0.9782608695652174
8163.253372,0.8441558441558441,0.8441558441558441,1.0
19587.53529,1.0,1.0,1.0
20387.872496,0.92,0.92,1.0
50698.695394,0.34675615212527966,0.3506787330316742,0.96875
60492.477353,0.7014925373134329,0.8392857142857143,0.8103448275862069
9746.596949,1.0,1.0,1.0
8586.591045,0.8974358974358975,0.9722222222222222,0.9210526315789473
20668.410206,0.8709677419354839,1.0,0.8709677419354839
23103.796885,0.8205128205128205,0.9696969696969697,0.8421052631578947
21409.284795,0.3333333333333333,1.0,0.3333333333333333
48726.4708,0.8431372549019608,0.8958333333333334,0.9347826086956522
7175.251204,1.0,1.0,1.0
10978.747779,0.0,nan,0.0
9802.14206,0.8571428571428571,1.0,0.8571428571428571
36108.289928,0.4612476370510397,0.7113702623906706,0.5674418604651162
46292.609873,0.8333333333333334,0.9090909090909091,0.9090909090909091
6390.093213,0.865546218487395,0.865546218487395,1.0
7271.180564,0.8317307692307693,0.8317307692307693,1.0
25033.181504,0.6666666666666666,1.0,0.6666666666666666
110930.609231,0.2198581560283688,0.62,0.2540983606557377
6261.686731,0.9702380952380952,0.9702380952380952,1.0
63925.694226,0.0,nan,0.0
22872.317154,0.3181818181818182,0.9333333333333333,0.32558139534883723
22147.538975,0.6511627906976745,0.7777777777777778,0.8
22828.790522,0.6,0.9230769230769231,0.631578947368421
24981.243794,0.8229166666666666,0.9404761904761905,0.8681318681318682
34623.968019,0.5828571428571429,0.6071428571428571,0.9357798165137615
25406.983483,0.5967741935483871,0.6851851851851852,0.8222222222222222
29230.329769,0.6404494382022472,0.6514285714285715,0.9743589743589743
6808.769479,0.8571428571428571,0.8571428571428571,1.0
24285.858513,0.5887096774193549,0.6759259259259259,0.8202247191011236
7000.460141,0.8914285714285715,0.8914285714285715,1.0
34505.115554,0.6859504132231405,0.6974789915966386,0.9764705882352941
7218.069637,0.8311688311688312,0.8311688311688312,1.0
33366.054392,0.19846153846153847,0.19907407407407407,0.9847328244274809
19558.082396,0.0,nan,0.0
81714.961293,1.0,1.0,1.0
23591.710698,0.8780487804878049,1.0,0.8780487804878049
24253.11759,0.3333333333333333,1.0,0.3333333333333333
25784.492363,0.7647058823529411,0.8666666666666667,0.8666666666666667
37820.325141,0.6491228070175439,1.0,0.6491228070175439
9363.589538,0.26666666666666666,0.7272727272727273,0.2962962962962963
36961.690519,0.6630901287553648,0.7186046511627907,0.8956521739130435
66910.695818,0.8571428571428571,1.0,0.8571428571428571
22518.021456,0.8666666666666667,1.0,0.8666666666666667
61972.830499,0.6923076923076923,1.0,0.6923076923076923
21239.605196,0.7741935483870968,0.8888888888888888,0.8571428571428571
9719.22679,0.9451754385964912,0.9451754385964912,1.0
7786.344541,1.0,1.0,1.0
20262.113191,0.3333333333333333,1.0,0.3333333333333333
22814.759813,0.9090909090909091,1.0,0.9090909090909091
19858.536287,0.75,1.0,0.75
21136.608899,0.3333333333333333,1.0,0.3333333333333333
21307.009909,0.8823529411764706,1.0,0.8823529411764706
19977.361223,1.0,1.0,1.0
6593.283119,0.0,nan,0.0
6518.129149,0.7946428571428571,0.7946428571428571,1.0
7914.570766,0.8275862068965517,0.8275862068965517,1.0
8786.463921,0.8722222222222222,0.8722222222222222,1.0
9359.50587,0.8478632478632478,0.8478632478632478,1.0
24205.461408,0.9223300970873787,0.9895833333333334,0.9313725490196079
27923.863841,0.6065573770491803,0.6491228070175439,0.9024390243902439
29129.861434,0.5614035087719298,0.5925925925925926,0.9142857142857143
26105.691094,0.703125,0.75,0.9183673469387755
102545.575633,0.6,1.0,0.6
78073.081475,0.4394904458598726,0.45098039215686275,0.9452054794520548
91858.691723,0.26096491228070173,0.27546296296296297,0.8321678321678322
26537.553506,0.7183098591549296,0.9807692307692307,0.7285714285714285
7176.829027,0.967032967032967,0.967032967032967,1.0
7393.531799,0.8571428571428571,0.8571428571428571,1.0
19041.289932,0.8529411764705882,0.90625,0.9354838709677419
19952.379459,1.0,1.0,1.0
10627.300822,0.6,0.6,1.0
23568.033764,0.7804878048780488,0.9142857142857143,0.8421052631578947
38222.349328,0.7746113989637305,0.9228395061728395,0.8282548476454293
25390.461159,0.5769230769230769,1.0,0.5769230769230769
23727.792884,0.7272727272727273,0.8333333333333334,0.851063829787234
22490.083037,0.3157894736842105,0.9230769230769231,0.32432432432432434
23910.231848,0.4727272727272727,0.9285714285714286,0.49056603773584906
29612.030085,0.39436619718309857,1.0,0.39436619718309857
25340.393741,0.4666666666666667,0.6222222222222222,0.6511627906976745
75339.386837,0.6206896551724138,1.0,0.6206896551724138
64190.83546,0.6495726495726496,1.0,0.6495726495726496
35011.685088,0.5555555555555556,0.8333333333333334,0.625
18851.317235,0.0,nan,0.0
48895.851725,0.6,1.0,0.6
6836.067692,0.9615384615384616,0.9615384615384616,1.0
6190.516557,1.0,1.0,1.0
18020.527847,0.4,0.8181818181818182,0.43902439024390244
15918.802142,0.4375,1.0,0.4375
21904.905276,0.32432432432432434,0.9230769230769231,0.3333333333333333
22033.537775,0.8888888888888888,1.0,0.8888888888888888
20784.551859,0.3333333333333333,1.0,0.3333333333333333
85820.494353,1.0,1.0,1.0
25548.051181,0.6,0.9473684210526315,0.6206896551724138
21617.334431,0.6666666666666666,1.0,0.6666666666666666
92146.633318,0.76,0.7916666666666666,0.95
24103.720512,0.9545454545454546,1.0,0.9545454545454546
20094.68617,0.3333333333333333,1.0,0.3333333333333333
12845.928005,0.7428571428571429,0.9285714285714286,0.7878787878787878
14494.035659,0.5428571428571428,0.7916666666666666,0.6333333333333333
6914.679008,0.0,nan,0.0
6812.323875,1.0,1.0,1.0
6639.350358,0.8353909465020576,0.8353909465020576,1.0
8991.144507,0.7724358974358975,0.7724358974358975,1.0
57186.242153,0.6161262050832603,0.639090909090909,0.9448924731182796
33781.930433,0.3493975903614458,0.37662337662337664,0.8285714285714286
27560.249347,0.7477477477477478,0.9120879120879121,0.8058252427184466
37529.124198,0.75,0.8901098901098901,0.826530612244898
40616.718842,0.8107606679035251,0.874,0.9180672268907563
7628.993413,0.8741935483870967,0.8741935483870967,1.0
7713.949682,0.8888888888888888,0.8888888888888888,1.0
52105.031113,0.4090909090909091,0.4153846153846154,0.9642857142857143
7879.11351,0.5,0.9,0.5294117647058824
11406.597618,0.7142857142857143,1.0,0.7142857142857143
24898.540524,0.0,nan,0.0
8515.861241,0.9548872180451128,0.9548872180451128,1.0
35237.368443,0.0,nan,0.0
29918.124227,0.875,1.0,0.875
59078.463915,0.6346153846153846,0.9705882352941176,0.6470588235294118
25715.594102,0.5081967213114754,0.96875,0.5166666666666667
56238.248564,0.47619047619047616,1.0,0.47619047619047616
25472.406072,0.4897959183673469,0.8571428571428571,0.5333333333333333
53863.951862,0.23387096774193547,0.24166666666666667,0.8787878787878788
9277.133117,0.6176470588235294,0.65625,0.9130434782608695
10497.187913,0.8571428571428571,1.0,0.8571428571428571
48300.046305,0.39823008849557523,0.4166666666666667,0.9
31877.988639,0.7449856733524355,0.8496732026143791,0.858085808580858
23945.256135,0.7941176470588235,0.9642857142857143,0.8181818181818182
5695.88078,0.9230769230769231,0.9230769230769231,1.0
26641.360143,0.5894736842105263,0.7777777777777778,0.7088607594936709
8393.09097,0.8768768768768769,0.8768768768768769,1.0
8366.704546,0.9071428571428571,0.9071428571428571,1.0
80313.001792,0.583554376657825,0.5892857142857143,0.9836065573770492
45567.001724,0.6875,0.691717791411043,0.9912087912087912
22623.466537,0.4713375796178344,0.47435897435897434,0.9866666666666667
26648.24499,0.6629213483146067,0.9833333333333333,0.6704545454545454
27455.244552,1.0,1.0,1.0
25023.927602,0.5576923076923077,0.9666666666666667,0.5686274509803921
29216.4428,0.0,nan,0.0
24024.068683,0.509090909090909,1.0,0.509090909090909
24596.930162,0.9545454545454546,1.0,0.9545454545454546
25656.741786,0.4827586206896552,0.875,0.5185185185185185
60755.858268,0.5,1.0,0.5
29932.362953,0.927461139896373,0.9623655913978495,0.9623655913978495
9633.278916,0.8545454545454545,0.8545454545454545,1.0
7255.133624,0.9365079365079365,0.9365079365079365,1.0
6868.979518,0.9159663865546218,0.9159663865546218,1.0
7655.504485,0.8769230769230769,0.8769230769230769,1.0
7188.459521,0.8676470588235294,0.8676470588235294,1.0
6904.027353,0.9019607843137255,0.9019607843137255,1.0
24730.505481,0.6,1.0,0.6
28506.242522,0.6190476190476191,0.9122807017543859,0.6582278481012658
27863.110487,0.32857142857142857,0.9583333333333334,0.3333333333333333
23695.206076,0.0,nan,0.0
26313.570702,0.9056603773584906,1.0,0.9056603773584906
82839.234334,0.5151515151515151,1.0,0.5151515151515151
23693.31505,0.7339449541284404,0.8163265306122449,0.8791208791208791
39845.090959,0.34941050375133975,0.3704545454545455,0.8601583113456465
53354.794735,0.6521739130434783,0.6565656565656566,0.9898477157360406
63532.478576,0.10526315789473684,0.2857142857142857,0.14285714285714285
34282.738247,0.8208333333333333,0.8277310924369747,0.9899497487437185
31784.266206,0.3795620437956204,0.9629629629629629,0.3851851851851852
31682.8664,0.8780487804878049,0.8888888888888888,0.9863013698630136
68970.557384,0.9591836734693877,0.9724137931034482,0.986013986013986
25081.368302,0.7719298245614035,0.88,0.8627450980392157
19946.707825,1.0,1.0,1.0
23572.364142,0.5128205128205128,1.0,0.5128205128205128
27377.540879,0.963855421686747,1.0,0.963855421686747
22066.076118,0.5641025641025641,0.9166666666666666,0.5945945945945946
28073.362568,0.7481481481481481,0.9619047619047619,0.7709923664122137
22017.859101,0.42,0.4375,0.9130434782608695
10859.813284,0.4523809523809524,0.4523809523809524,1.0
21121.75699,0.5294117647058824,0.75,0.6428571428571429
23752.917639,0.868421052631579,1.0,0.868421052631579
43003.230506,0.9,0.9,1.0
75482.051309,0.27450980392156865,0.3333333333333333,0.6086956521739131
22057.272145,0.2903225806451613,0.8181818181818182,0.3103448275862069
21534.051383,0.9230769230769231,1.0,0.9230769230769231
23483.525365,0.6285714285714286,0.7333333333333333,0.8148148148148148
21412.99046,0.7777777777777778,1.0,0.7777777777777778
22363.026185,0.8888888888888888,0.8888888888888888,1.0
31415.414671,0.3246753246753247,0.9615384615384616,0.32894736842105265
20710.373808,0.8125,0.975,0.8297872340425532
88255.750895,0.6017857142857143,0.7200854700854701,0.7855477855477856
33619.325206,0.3257918552036199,0.3388235294117647,0.8944099378881988
26843.140616,0.75625,0.8402777777777778,0.8832116788321168
29060.715966,0.5099009900990099,0.7152777777777778,0.639751552795031
19872.622343,0.7083333333333334,0.85,0.8095238095238095
8478.72108,0.8888888888888888,0.8888888888888888,1.0
8201.845098,0.946969696969697,0.946969696969697,1.0
31290.96126,0.3111111111111111,0.3333333333333333,0.8235294117647058
24545.556955,0.7358490566037735,0.975,0.75
10749.309358,0.8823529411764706,0.8823529411764706,1.0
23171.950959,0.7049180327868853,0.7678571428571429,0.8958333333333334
8439.724626,0.9495798319327731,0.9495798319327731,1.0
31364.610476,0.7857142857142857,0.88,0.88
31625.171043,0.8955223880597015,1.0,0.8955223880597015
30745.266543,0.9180327868852459,1.0,0.9180327868852459
32213.630756,0.5333333333333333,0.9411764705882353,0.5517241379310345
28677.272477,0.9090909090909091,1.0,0.9090909090909091
66369.028387,0.6885245901639344,1.0,0.6885245901639344
72051.791639,0.4972375690607735,0.5,0.989010989010989
40955.236924,0.4553191489361702,0.4863636363636364,0.8770491803278688
26445.608335,0.6692913385826772,0.7589285714285714,0.85
26007.358658,0.6384615384615384,0.7410714285714286,0.8217821782178217
17014.089169,0.7333333333333333,0.9166666666666666,0.7857142857142857
10719.044394,1.0,1.0,1.0
66889.262966,0.4459016393442623,0.4533333333333333,0.9645390070921985
8171.053704,0.9375,0.9375,1.0
38676.847696,0.7953890489913544,0.9078947368421053,0.8652037617554859
25421.00785,0.875,0.9,0.9692307692307692
25767.639084,0.8852459016393442,0.9642857142857143,0.9152542372881356
26562.656523,0.6914893617021277,0.7738095238095238,0.8666666666666667
22487.349514,0.0,nan,0.0
24787.47639,0.5245901639344263,1.0,0.5245901639344263
28080.803286,0.456,0.475,0.9193548387096774
46174.892156,0.7575757575757576,0.78125,0.9615384615384616
54201.218437,0.8059701492537313,0.84375,0.9473684210526315
24598.152973,0.7761194029850746,0.8666666666666667,0.8813559322033898
37785.115355,0.7111111111111111,0.7272727272727273,0.9696969696969697
20672.594703,0.5897435897435898,0.6571428571428571,0.8518518518518519
33306.549854,0.5019011406844106,0.7764705882352941,0.5866666666666667
51468.815608,0.773972602739726,0.7847222222222222,0.9826086956521739
103303.684551,0.4395448079658606,0.44396551724137934,0.9778481012658228
9211.21854,0.8540540540540541,0.8540540540540541,1.0
8149.106591,0.9080459770114943,0.9080459770114943,1.0
32874.555162,0.28104575163398693,0.2866666666666667,0.9347826086956522
29874.822482,0.7936507936507936,0.9259259259259259,0.847457627118644
20246.236581,0.6428571428571429,1.0,0.6428571428571429
21150.453635,0.55,0.7333333333333333,0.6875
26498.934591,0.7553191489361702,0.9466666666666667,0.7888888888888889
52554.662408,0.56,1.0,0.56
54079.072707,0.7704918032786885,0.8392857142857143,0.9038461538461539
24782.528539,0.5,1.0,0.5
24744.327441,0.3181818181818182,0.9333333333333333,0.32558139534883723
52493.822559,0.7058823529411765,0.8181818181818182,0.8372093023255814
25977.473186,0.8666666666666667,1.0,0.8666666666666667
31080.77335,0.6721311475409836,0.9111111111111111,0.7192982456140351
27837.059281,0.8888888888888888,1.0,0.8888888888888888
29563.665253,0.0,nan,0.0
9588.481435,0.1794871794871795,0.4375,0.23333333333333334
27739.256412,0.6363636363636364,0.642512077294686,0.9851851851851852
25125.752587,0.5490196078431373,0.5656565656565656,0.9491525423728814
20140.544013,1.0,1.0,1.0
22748.958639,0.8181818181818182,1.0,0.8181818181818182
65103.399534,0.71875,0.92,0.7666666666666667
39796.713454,0.21398963730569948,0.21454545454545454,0.9880382775119617
22336.830018,0.8648648648648649,1.0,0.8648648648648649
27908.400861,0.5344827586206896,0.5636363636363636,0.9117647058823529
24878.298019,0.3333333333333333,1.0,0.3333333333333333
25522.768917,0.8,1.0,0.8
64145.429857,0.8245614035087719,0.8545454545454545,0.9591836734693877
22320.570663,0.8857142857142857,0.9393939393939394,0.9393939393939394
21892.601813,0.875,0.9333333333333333,0.9333333333333333
20950.663355,0.75,1.0,0.75
31032.366118,0.4050632911392405,1.0,0.4050632911392405
44839.796392,0.9,0.9,1.0
57482.010294,0.275811209439528,0.2807807807807808,0.9396984924623115
54659.832845,0.5828571428571429,0.6777408637873754,0.8063241106719368
29399.492466,0.6408450704225352,0.7109375,0.8666666666666667
8079.117493,0.89453125,0.89453125,1.0
8289.405638,0.8952380952380953,0.8952380952380953,1.0
20748.517202,0.65,0.8666666666666667,0.7222222222222222
21188.71426,0.5909090909090909,0.9285714285714286,0.6190476190476191
88757.964449,0.5396825396825397,0.7870370370370371,0.6319702602230484
9406.461392,0.7673076923076924,0.7673076923076924,1.0
16140.56642,0.23076923076923078,0.6,0.2727272727272727
27592.227685,0.8571428571428571,1.0,0.8571428571428571
31339.804664,0.8045977011494253,1.0,0.8045977011494253
35092.07494,0.5978260869565217,0.9821428571428571,0.6043956043956044
24262.082748,0.30952380952380953,0.9285714285714286,0.3170731707317073
20233.161301,0.6,1.0,0.6
24441.79476,0.9,1.0,0.9
61875.753279,0.45614035087719296,0.9285714285714286,0.4727272727272727
55042.288763,0.96,1.0,0.96
42806.363674,0.5061728395061729,0.5324675324675324,0.9111111111111111
36813.442999,0.6111111111111112,0.6875,0.8461538461538461
37416.307154,0.6530612244897959,0.7272727272727273,0.8648648648648649
107924.752272,0.3713527851458886,0.3713527851458886,1.0
72042.519482,0.8481012658227848,0.8701298701298701,0.9710144927536232
63616.564396,0.6824742268041237,0.6895833333333333,0.9851190476190477
24501.247161,0.7912087912087912,0.935064935064935,0.8372093023255814
8085.767674,0.8633333333333333,0.8633333333333333,1.0
8482.048253,0.9085714285714286,0.9085714285714286,1.0
11103.397006,1.0,1.0,1.0
9693.345797,0.79585326953748,0.79585326953748,1.0
19244.187067,0.7586206896551724,0.88,0.8461538461538461
11432.242654,0.0,nan,0.0
31014.701844,0.8695652173913043,0.8928571428571429,0.970873786407767
100374.649214,0.8709677419354839,0.9,0.9642857142857143
30016.103488,0.47619047619047616,0.9375,0.4918032786885246
29798.609789,0.5084745762711864,1.0,0.5084745762711864
27495.311962,0.6338028169014085,1.0,0.6338028169014085
58544.57174,0.5490196078431373,0.9333333333333333,0.5714285714285714
30369.498683,0.9714285714285714,1.0,0.9714285714285714
27053.438119,0.6285714285714286,1.0,0.6285714285714286
24722.339916,0.875,1.0,0.875
52231.806691,0.5416666666666666,0.8125,0.6190476190476191
47482.865756,0.6253369272237197,0.6338797814207651,0.9789029535864979
8479.550429,0.9916666666666667,0.9916666666666667,1.0
11850.881646,0.8731343283582089,0.8731343283582089,1.0
8871.978075,0.8392857142857143,0.8392857142857143,1.0
10756.037051,0.8666666666666667,0.8666666666666667,1.0
44478.014325,0.3870967741935484,0.96,0.39344262295081966
35825.866526,0.8221153846153846,0.8423645320197044,0.9715909090909091
34073.697511,0.7647058823529411,0.78,0.975
9408.01212,0.8138888888888889,0.8138888888888889,1.0
7532.829481,0.9270833333333334,0.9270833333333334,1.0
11539.450795,0.8736263736263736,0.8736263736263736,1.0
10828.615969,0.8723776223776224,0.8723776223776224,1.0
57364.745666,0.5318681318681319,0.5377777777777778,0.979757085020243
8157.924243,0.8284313725490197,0.8284313725490197,1.0
29490.279685,0.5658914728682171,0.584,0.948051948051948
31805.033564,0.5316455696202531,0.5384615384615384,0.9767441860465116
107276.482153,0.5192307692307693,0.54,0.9310344827586207
13540.371082,0.5806451612903226,0.75,0.72
7448.331124,0.7916666666666666,0.7916666666666666,1.0
128694.030006,0.3494809688581315,0.3506944444444444,0.9901960784313726
57086.972096,0.7958677685950413,0.8514588859416445,0.9241842610364683
11978.57079,0.8598014888337469,0.8598014888337469,1.0
40085.302505,0.3785310734463277,0.6979166666666666,0.4527027027027027
19851.4333,0.6964285714285714,0.9285714285714286,0.7358490566037735
104031.662391,0.5661157024793388,0.5708333333333333,0.9856115107913669
47029.149678,0.3958333333333333,1.0,0.3958333333333333
7184.035725,0.75,1.0,0.75
7883.741791,0.8376623376623377,0.8376623376623377,1.0
41770.81209,0.8456375838926175,0.875,0.9618320610687023
8249.233306,0.8636363636363636,0.8636363636363636,1.0
7764.381927,0.7873563218390804,0.7873563218390804,1.0
47950.065087,0.6647727272727273,0.8125,0.785234899328859
19589.762004,0.0,nan,0.0
16376.014095,0.6666666666666666,0.75,0.8571428571428571
7085.293781,0.9125,0.9125,1.0
129224.189683,0.5084175084175084,0.527972027972028,0.9320987654320988
7443.531658,0.7309941520467836,0.7309941520467836,1.0
9195.969186,0.8534883720930233,0.8534883720930233,1.0
44690.653436,0.8037676609105181,0.8782161234991424,0.9045936395759717
48715.720229,0.900497512437811,0.9141414141414141,0.9836956521739131
17051.441891,0.5450643776824035,0.5521739130434783,0.9769230769230769
6251.772524,0.9548872180451128,0.9548872180451128,1.0
27820.887094,0.9315068493150684,1.0,0.9315068493150684
50071.708312,0.8125,0.8666666666666667,0.9285714285714286
81221.989831,1.0,1.0,1.0
27193.753087,0.7066666666666667,0.9814814814814815,0.7162162162162162
9393.742564,0.6511627906976745,1.0,0.6511627906976745
13865.500992,0.0,nan,0.0
7148.108066,0.9212121212121213,0.9212121212121213,1.0
12968.945886,1.0,1.0,1.0
59244.54196,0.6916666666666667,0.7410714285714286,0.9120879120879121
10654.177948,0.8392857142857143,0.8392857142857143,1.0
10377.668634,0.0,nan,0.0
52743.530548,0.7685185185185185,0.7859848484848485,0.9718969555035128
8906.492505,0.9703703703703703,0.9703703703703703,1.0
71069.631233,0.9098360655737705,0.925,0.9823008849557522
17335.422233,0.41935483870967744,0.43333333333333335,0.9285714285714286
6747.887998,0.864,0.864,1.0
9705.948908,0.9278996865203761,0.9278996865203761,1.0
72457.34825,0.7037037037037037,0.7238095238095238,0.9620253164556962
7889.861983,0.7833333333333333,0.7833333333333333,1.0
6636.162697,0.8304347826086956,0.8304347826086956,1.0
7775.538466,0.9490909090909091,0.9490909090909091,1.0
69387.548827,0.5601503759398496,0.5708812260536399,0.9675324675324676
9905.879075,0.9125,0.9125,1.0
37460.660351,0.2,0.96,0.20168067226890757
61454.627644,0.592,0.9866666666666667,0.5967741935483871
72637.715093,0.6637168141592921,1.0,0.6637168141592921
7433.367914,0.8035714285714286,0.8035714285714286,1.0
6516.406536,0.783625730994152,0.783625730994152,1.0
19741.115984,1.0,1.0,1.0
5958.986651,0.9642857142857143,0.9642857142857143,1.0
62046.053344,0.75,1.0,0.75
17376.174526,0.41702127659574467,0.4224137931034483,0.9702970297029703
26850.725387,0.881578947368421,0.9305555555555556,0.9436619718309859
40448.187658,0.43683083511777304,0.4722222222222222,0.8535564853556485
21736.306249,0.7142857142857143,0.8333333333333334,0.8333333333333334
61913.902512,0.9574468085106383,1.0,0.9574468085106383
57614.47816,0.5245901639344263,1.0,0.5245901639344263
36805.861678,0.7804878048780488,0.8205128205128205,0.9411764705882353
38703.038505,0.7777777777777778,0.8333333333333334,0.9210526315789473
8556.059064,0.8203125,0.8203125,1.0
8209.649238,0.7666666666666667,0.7666666666666667,1.0
104024.7651,0.8571428571428571,0.8571428571428571,1.0
